start_idx,end_idx,avg_power,duration_sec,energy_kwh,cluster,appliance
0,4770,0.07529000698812019,865373.519,0.01762018459259259,1,TV_LIGHTS
4770,4925,13.184946236559139,11602.947,0.046721502861111125,0,AC
4925,4935,46.06,134.819,0.0019237232129629628,0,AC
4935,4990,71.41575757575758,895.635,0.01763802788888889,0,AC
4990,5010,38.92,285.523,0.0031172513240740737,0,AC
5010,5200,8.737894736842106,2870.705,0.006996496527777778,0,AC
5200,5295,41.7378947368421,1464.538,0.017154796638888886,0,AC
5295,5450,9.147096774193548,2321.124,0.005968930546296295,0,AC
5450,5540,40.54148148148149,1346.058,0.015334402314814812,0,AC
5540,5560,15.431666666666667,285.409,0.0012895666851851853,0,AC
5560,5685,26.43253333333333,1923.382,0.014178273083333333,0,AC
5685,5775,55.574074074074076,1356.093,0.021320320685185183,0,AC
5775,5925,25.84,2283.66,0.016552467546296294,0,AC
5925,6000,57.71644444444445,1125.917,0.018312431370370367,0,AC
6000,6015,34.617777777777775,209.71,0.0021578332222222225,0,AC
6015,6160,9.645057471264368,2232.437,0.006035007842592592,0,AC
6160,6245,39.70470588235294,1338.382,0.014808401694444442,0,AC
6245,6390,8.651034482758622,2202.765,0.005392495361111111,0,AC
6390,6470,41.549166666666665,1249.723,0.014364540814814815,0,AC
6470,6590,9.165555555555557,2207.863,0.005730621768518518,0,AC
6590,6700,40.69212121212122,1652.651,0.01886704127777778,0,AC
6700,6885,10.1963963963964,2927.345,0.008351685750000004,0,AC
6885,6995,38.95151515151516,1652.836,0.018068218194444447,0,AC
6995,7115,9.515555555555563,1926.588,0.005190106092592597,0,AC
7120,7165,181.31925925925927,703.198,0.0364111485925926,0,AC
7165,7190,7.2200000000000095,360.377,0.0007528848333333343,0,AC
7190,7250,40.66333333333334,886.152,0.010182920472222223,0,AC
7250,7355,52.04603174603176,1641.518,0.02399796952777778,0,AC
7355,7365,37.19333333333334,135.306,0.001559328555555556,0,AC
7365,7415,9.000000000000009,751.105,0.0019535720277777794,0,AC
7415,7475,25.749444444444453,904.443,0.0065502154629629656,0,AC
7475,7535,9.484444444444454,901.995,0.002417704972222225,0,AC
7535,7640,41.016507936507956,1604.818,0.01835572033333334,0,AC
7640,7785,8.498390804597713,2220.575,0.005266299083333341,0,AC
7785,7885,39.69466666666668,1500.163,0.01671255283333334,0,AC
7885,8035,10.56222222222223,2317.026,0.006890264805555562,0,AC
8035,8130,39.30245614035088,1410.263,0.015566590185185188,0,AC
8130,8285,8.851612903225817,2325.527,0.005766843259259266,0,AC
8285,8375,40.18777777777779,1359.172,0.015353489759259263,0,AC
8375,8525,11.04155555555556,2377.762,0.007266635370370372,0,AC
8525,8615,40.14555555555556,1346.988,0.015153020814814816,0,AC
8615,8775,9.988541666666672,2487.539,0.006946683092592595,0,AC
8775,8865,37.40851851851853,1371.004,0.014338952027777779,0,AC
8865,9050,9.963063063063066,2776.232,0.007730970796296298,0,AC
9050,9135,39.0364705882353,1471.512,0.016197596666666664,0,AC
9135,9320,8.002702702702702,2787.872,0.0062255245833333335,0,AC
9320,9420,37.33966666666667,1486.018,0.015543560574074074,0,AC
9420,9630,7.823650793650798,3185.807,0.006980130083333338,0,AC
9630,9685,37.855757575757586,1628.281,0.01553530751851852,0,AC
9685,9860,8.735809523809527,2752.627,0.006701879222222225,0,AC
9860,9865,204.54666666666668,60.726,0.00436831649074074,0,AC
9865,9870,2703.06,62.189,0.05786069153703703,0,AC
9870,9890,2935.8783333333336,283.914,0.24340714739814817,0,AC
9895,9905,2959.3399999999997,132.896,0.12329896414814814,0,AC
9905,9910,2376.8933333333334,60.002,0.04944807061111112,0,AC
9910,9930,2956.2583333333337,286.019,0.24731654083333338,0,AC
9930,9935,2320.9866666666667,61.01,0.04910164429629629,0,AC
9935,9940,2967.693333333333,60.29,0.06128305227777777,0,AC
9940,9945,2840.766666666666,60.012,0.059408126083333325,0,AC
9945,9950,2611.1133333333337,77.737,0.06522979185185186,0,AC
9950,9975,3025.474666666666,359.616,0.3129733734074074,0,AC
9980,9990,157.84999999999997,134.777,0.00658094985185185,0,AC
9990,10015,6.9239999999999995,360.143,0.0007206789166666667,0,AC
10015,10040,36.104,373.345,0.003854992833333333,0,AC
10040,10085,61.157037037037014,709.853,0.012359815935185186,0,AC
10085,10185,72.14166666666667,1517.487,0.030729969129629622,0,AC
10185,10230,25.548148148148144,665.523,0.004849732722222221,0,AC
10230,10370,8.435714285714283,2135.473,0.005036320574074071,0,AC
10370,10480,39.603030303030295,1953.098,0.021693523064814806,0,AC
10480,10630,10.204222222222219,2336.478,0.006662603388888886,0,AC
10630,10730,38.481666666666655,1632.551,0.01750473158333333,0,AC
10730,10885,9.272688172043003,2556.012,0.006462238231481474,0,AC
10885,10995,40.65939393939394,1652.411,0.018838845342592593,0,AC
10995,11160,8.88969696969696,2926.508,0.007862811185185179,0,AC
11160,11250,41.55666666666666,1365.208,0.015911448388888885,0,AC
11250,11275,56.97866666666666,358.872,0.005945864537037037,0,AC
11275,11425,25.054444444444435,2375.543,0.016705815425925922,0,AC
11425,11490,55.72512820512819,1015.354,0.015976093175925923,0,AC
11490,11540,40.76399999999999,779.211,0.008993641574074071,0,AC
11540,11555,11.082222222222212,237.041,0.0008472974351851847,0,AC
11555,11675,25.9836111111111,1824.502,0.013282317564814811,0,AC
11675,11710,7.519999999999988,509.361,0.0011348541388888874,0,AC
11710,11720,35.88666666666665,133.843,0.0014846329074074069,0,AC
11720,11825,58.647301587301584,1683.477,0.027751854425925922,0,AC
11825,12015,26.52105263157894,3111.041,0.02292610448148147,0,AC
12015,12040,45.96533333333332,371.835,0.004904931916666666,0,AC
12040,12095,59.8151515151515,827.61,0.014017329324074072,0,AC
12095,12110,38.16888888888888,206.733,0.00240318536111111,0,AC
12110,12140,57.399999999999984,438.19,0.007259830796296294,0,AC
12140,12305,27.00383838383837,2505.253,0.018809364657407398,0,AC
12305,12355,57.18933333333332,834.342,0.013072244499999995,0,AC
12355,12415,40.80722222222222,885.447,0.010230766694444442,0,AC
12415,12570,9.270107526881706,2393.622,0.00613277062037036,0,AC
12570,12630,39.04999999999999,901.619,0.009944009379629625,0,AC
12630,12645,164.74888888888884,209.81,0.010304563629629629,0,AC
12645,12655,186.61000000000004,131.282,0.007779667962962962,0,AC
12655,12670,149.6044444444444,281.09,0.011861483527777775,0,AC
12670,12675,187.2133333333333,60.052,0.003898313518518518,0,AC
12675,12680,40.15333333333332,60.313,0.0008601658611111107,0,AC
12680,12700,9.17999999999999,285.217,0.0007640861388888881,0,AC
12700,12770,42.16571428571428,1034.082,0.012321484833333333,0,AC
12770,12855,52.607058823529414,1340.869,0.01934370608333333,0,AC
12855,13045,10.956666666666658,2851.437,0.008769711231481474,0,AC
13045,13145,37.292999999999985,1499.878,0.015655297611111105,0,AC
13145,13300,9.156774193548374,2326.349,0.005954844620370362,0,AC
13300,13390,39.37370370370369,1399.787,0.01558577109259259,0,AC
13390,13545,9.989462365591384,2311.227,0.006446132462962954,0,AC
13545,13635,40.71259259259258,1357.918,0.015505497666666665,0,AC
13635,13795,11.891458333333322,2388.006,0.00792405575925925,0,AC
13795,13885,39.99888888888888,1339.935,0.015033390009259254,0,AC
13885,14045,8.744583333333319,2418.155,0.005894682046296287,0,AC
14045,14140,38.02877192982455,1425.436,0.015227385981481475,0,AC
14140,14320,9.61333333333332,2806.593,0.007575527314814805,0,AC
14320,14410,39.220370370370354,1456.056,0.016016425592592587,0,AC
14410,14420,17.55666666666665,139.57,0.0007458743240740735,0,AC
14425,14430,2162.4333333333334,175.621,0.142598896962963,0,AC
14440,14445,1744.8,60.009,0.03562381915740741,0,AC
14445,14470,2892.1253333333334,360.081,0.3013880771851851,0,AC
14475,14480,2470.9333333333334,61.206,0.052107373314814805,0,AC
14480,14485,2661.54,61.483,0.05599169657407408,0,AC
14485,14490,2845.313333333333,60.102,0.05849902956481481,0,AC
14490,14495,2201.34,62.555,0.047964327101851854,0,AC
14495,14500,2758.246666666667,64.085,0.058492221972222216,0,AC
14500,14510,2694.7599999999998,138.414,0.11484065597222223,0,AC
14510,14515,1101.4666666666665,63.784,0.021499575944444443,0,AC
14515,14605,6.914814814814815,1376.707,0.002642440537037037,0,AC
14605,14720,37.8272463768116,1794.604,0.01893033915740741,0,AC
14720,14840,6.910833333333333,1886.249,0.0036653686018518522,0,AC
14840,14845,746.5400000000001,60.101,0.014920033666666667,0,AC
14850,14860,2114.616666666667,135.396,0.0880555960462963,0,AC
14860,14865,2618.873333333333,60.024,0.054448935981481476,0,AC
14875,14880,2645.5933333333332,60.528,0.05555018464814814,0,AC
14880,14885,196.58666666666667,60.023,0.003915156907407407,0,AC
14885,14925,7.585833333333333,612.949,0.0013381618055555555,0,AC
14925,14930,569.14,60.02,0.011276907574074074,0,AC
14935,14945,2711.0366666666664,135.057,0.11312071918518518,0,AC
14945,14960,2732.7955555555554,209.115,0.17095549964814818,0,AC
14975,14990,2764.766666666667,210.145,0.1728615652962963,0,AC
14995,15065,36.8552380952381,1048.198,0.010933641944444442,0,AC
15065,15190,7.913066666666668,1944.409,0.004337895425925927,0,AC
15190,15260,43.51571428571428,1099.397,0.013657103092592594,0,AC
15260,15270,65.15333333333332,139.131,0.0028176201759259256,0,AC
15275,15305,126.70555555555556,560.031,0.020076668018518522,0,AC
15305,15330,103.992,360.019,0.010853337259259261,0,AC
15345,15350,1978.0866666666668,122.865,0.07559133493518519,0,AC
15350,15355,1927.6199999999997,61.962,0.04074867584259259,0,AC
15355,15365,1613.9466666666667,132.174,0.06740533796296296,0,AC
15365,15370,160.0933333333333,176.549,0.007643437537037037,0,AC
15385,15390,1479.2666666666669,60.004,0.032828817249999996,0,AC
15395,15400,436.98,66.042,0.012250526314814814,0,AC
15400,15405,1961.9466666666667,94.138,0.054689317833333334,0,AC
15405,15410,1929.8600000000001,60.103,0.040038690768518514,0,AC
15415,15425,2162.746666666667,135.129,0.09012174442592594,0,AC
15430,15440,128.14666666666696,174.251,0.006959392629629646,0,AC
15440,15450,86.58666666666697,254.353,0.00582722104629632,0,AC
15450,15455,138.04666666666697,60.0,0.002878146194444451,0,AC
15455,15495,182.87166666666698,587.136,0.03059315388888894,0,AC
15495,15500,136.2000000000003,60.007,0.0028404931481481547,0,AC
15500,15525,21.27333333333364,360.168,0.0022164874537037352,0,AC
15525,15605,44.51916666666697,1327.038,0.01662856787037048,0,AC
15605,15740,54.162716049383015,2060.44,0.031350834962963134,0,AC
15740,15885,9.000459770115233,2191.288,0.005509914388889067,0,AC
15885,16000,40.380869565217694,1834.397,0.020909342037037187,0,AC
16000,16165,8.329696969697268,2460.911,0.005723210712963167,0,AC
16165,16275,38.557575757576046,1650.942,0.017836586055555687,0,AC
16275,16465,7.710701754386252,2836.383,0.006111038750000229,0,AC
16465,16580,38.78782608695681,1776.82,0.019431722824074214,0,AC
16580,16770,8.624210526316066,2851.981,0.006931519092592813,0,AC
16770,16885,38.968405797101745,1857.683,0.019845191416666817,0,AC
16885,17055,8.900784313725765,2804.217,0.00691311628703725,0,AC
17055,17150,39.58807017543889,1412.134,0.01566964953703715,0,AC
17160,17165,166.9733333333336,60.105,0.003483740055555562,0,AC
17165,17180,38.05111111111142,211.284,0.002391010851851871,0,AC
17180,17350,7.81372549019638,2551.012,0.005572585296296511,0,AC
17350,17465,40.83217391304378,1787.538,0.020476654935185336,0,AC
17465,17515,9.996666666666961,741.174,0.0021107838518519143,0,AC
17515,17530,27.080000000000307,210.522,0.0016982374629629822,0,AC
17530,17540,46.15333333333365,134.839,0.0019230299907407537,0,AC
17545,17560,2187.6222222222223,210.846,0.137210134962963,0,AC
17560,17565,2051.78,60.302,0.04331739098148149,0,AC
17570,17580,120.80666666666696,161.984,0.006058985379629643,0,AC
17580,17585,77.48666666666698,60.027,0.0016157271388888951,0,AC
17590,17595,1731.7066666666674,60.523,0.03604825183333335,0,AC
17595,17600,2162.7,60.416,0.04501998535185186,0,AC
17600,17610,487.52000000000027,135.055,0.020100662759259272,0,AC
17610,17615,2187.0600000000004,60.011,0.04561855662962964,0,AC
17620,17625,2050.7000000000003,62.581,0.043466013546296305,0,AC
17625,17630,2194.5,60.185,0.04425616462962964,0,AC
17630,17635,891.9200000000003,3869.287,0.8095926232037042,0,AC
17635,17695,27.84000000000031,931.342,0.00736391888888897,0,AC
17695,17750,58.19878787878817,814.034,0.01341040534259266,0,AC
17750,17795,193.70814814814844,740.856,0.04024576537962969,0,AC
17795,17820,26.494666666666966,361.686,0.0027273070000000317,0,AC
17820,18000,51.17314814814845,2763.215,0.03952044201851875,0,AC
18000,18175,10.966476190476477,2793.208,0.008592785564815023,0,AC
18175,18290,39.94840579710174,1787.494,0.020070589444444592,0,AC
18290,18455,8.971313131313424,2467.045,0.006215085175926128,0,AC
18455,18560,39.07047619047649,1573.474,0.017251461425926057,0,AC
18560,18725,8.901010101010383,2515.813,0.006222687166666868,0,AC
18725,18835,39.61878787878817,1694.766,0.018959090962963106,0,AC
18835,19000,9.200404040404328,2530.552,0.00647525817592613,0,AC
19000,19105,39.41365079365109,1576.783,0.01744917860185198,0,AC
19105,19280,9.341904761905054,2662.159,0.0070017091759261435,0,AC
19280,19365,40.785490196078726,1501.335,0.017156233203703825,0,AC
19365,19545,8.361851851852139,2901.036,0.007525814842592823,0,AC
19545,19645,40.056666666666956,1506.132,0.01694137890740753,0,AC
19645,19680,8.700000000000282,510.378,0.001268756425925967,0,AC
19680,19685,1609.746666666667,60.432,0.033780900879629636,0,AC
19685,19690,2573.6866666666674,115.092,0.08537889104629633,0,AC
19695,19700,2344.046666666667,60.213,0.04909139014814815,0,AC
19700,19705,2313.68,60.419,0.04877231756481483,0,AC
19705,19710,2874.2066666666665,60.728,0.06034491976851853,0,AC
19710,19715,2902.513333333334,60.617,0.0602654710925926,0,AC
19715,19720,2961.28,61.725,0.06259153155555555,0,AC
19720,19735,2580.4288888888896,209.853,0.15973406073148153,0,AC
19735,19755,2930.9400000000005,285.587,0.24484000073148152,0,AC
19755,19765,2874.8166666666666,138.63,0.12266496659259261,0,AC
19765,19775,2834.136666666667,135.088,0.11543828642592593,0,AC
19785,19790,2823.9200000000005,67.281,0.06455579575925927,0,AC
19790,19795,2637.2866666666673,60.003,0.04986191479629631,0,AC
19800,19810,2277.1833333333334,145.729,0.10298109851851853,0,AC
19810,19815,2660.1533333333336,60.168,0.05771779513888889,0,AC
19820,19865,8.034814814815112,691.224,0.0015433073240741326,0,AC
19865,19990,38.86213333333363,1909.903,0.020801766027777932,0,AC
19990,20065,9.080000000000295,1108.098,0.002840599814814907,0,AC
20065,20070,2341.5800000000004,61.554,0.049964426657407406,0,AC
20070,20075,2915.08,60.066,0.059653714861111116,0,AC
20075,20085,2953.3700000000003,150.214,0.13601327737962965,0,AC
20085,20095,2928.98,135.077,0.12230409450000002,0,AC
20100,20110,2306.4866666666667,136.703,0.09650246283333334,0,AC
20110,20120,2854.36,139.371,0.12137750307407408,0,AC
20120,20125,1694.6933333333334,61.026,0.03490545112037038,0,AC
20125,20185,7.733888888889181,928.356,0.002015686740740819,0,AC
20185,20235,35.59066666666697,738.825,0.007470250962963027,0,AC
20235,20240,1703.4600000000005,60.003,0.03547113660185185,0,AC
20240,20270,2787.708888888889,435.019,0.3485114398055556,0,AC
20270,20275,2721.266666666667,60.35,0.057061003648148145,0,AC
20275,20285,2764.8466666666673,213.367,0.17526731804629633,0,AC
20290,20315,47.734666666666975,360.744,0.004993415685185218,0,AC
20315,20385,82.7204761904765,1098.179,0.02569416800000009,0,AC
20385,20415,109.18777777777811,510.42,0.015799894777777823,0,AC
20415,20430,89.6288888888892,229.172,0.006017654148148168,0,AC
20430,20435,45.760000000000296,60.083,0.0008818742500000061,0,AC
20435,20445,114.26333333333363,135.174,0.004791040435185198,0,AC
20445,20450,23.693333333333637,76.695,0.0005726394166666745,0,AC
20450,20455,52.10000000000029,60.81,0.0010698286574074138,0,AC
20455,20470,78.01333333333363,376.915,0.0077438366481481806,0,AC
20470,20480,106.27333333333362,237.802,0.007710115351851875,0,AC
20480,20485,20.193333333333634,60.427,0.0004179906666666731,0,AC
20485,20495,75.21333333333364,450.068,0.008521072546296336,0,AC
20495,20505,99.56666666666698,150.128,0.004532879203703719,0,AC
20505,20510,164.6600000000003,68.844,0.003824262694444451,0,AC
20510,20515,265.03333333333364,60.006,0.005458124462962969,0,AC
20515,20525,389.34000000000026,134.983,0.016200486972222233,0,AC
20530,20545,73.7600000000003,210.153,0.004635013879629648,0,AC
20555,20600,155.76296296296326,706.354,0.03150556317592599,0,AC
20600,20605,102.1600000000003,61.444,0.0021585671944444507,0,AC
20605,20625,9.068333333333639,348.674,0.0008733927129629937,0,AC
20625,20685,41.077222222222524,886.175,0.01029745457407415,0,AC
20685,20735,52.11133333333363,1467.711,0.02160712516666679,0,AC
20735,20945,11.301587301587602,3272.827,0.010316638592592868,0,AC
20945,21065,43.6450000000003,1846.491,0.022567881203703857,0,AC
21065,21235,11.728039215686572,2618.794,0.008641479527777995,0,AC
21235,21330,42.6957894736845,1546.169,0.018522305129629758,0,AC
21330,21510,12.551851851852126,2860.061,0.010006938981481701,0,AC
21510,21615,43.5726984126987,1562.964,0.019035337925926054,0,AC
21615,21775,11.269583333333626,2959.174,0.009282727657407652,0,AC
21775,21875,42.26200000000029,1690.741,0.020219076379629768,0,AC
21875,22045,11.824901960784599,2931.55,0.009653579388889125,0,AC
22045,22155,42.11000000000029,1633.113,0.01927876278703718,0,AC
22155,22260,27.825079365079652,1576.302,0.012341741305555686,0,AC
22260,22305,10.975555555555859,691.515,0.002139430685185245,0,AC
22305,22355,41.61800000000031,777.127,0.009214011722222288,0,AC
22355,22375,59.60500000000029,308.185,0.005435713564814837,0,AC
22375,22455,44.07333333333363,1254.928,0.015627402009259366,0,AC
22455,22590,12.225432098765728,2157.623,0.007378219888889065,0,AC
22590,22715,39.67226666666695,2036.555,0.022486914731481643,0,AC
22715,22850,8.904197530864476,2102.699,0.005233667250000165,0,AC
22850,22870,27.53500000000029,312.754,0.0026553408796296577,0,AC
22870,22935,54.66461538461567,990.43,0.015078313518518604,0,AC
22935,22940,22.99333333333357,60.114,0.0004782893240740789,0,AC
22940,22950,63.16666666666697,150.947,0.0029623270648148283,0,AC
22950,22955,91.4066666666669,60.137,0.0022071624722222283,0,AC
22960,22970,2114.4066666666668,135.25,0.1434219776574074,0,AC
22975,22990,151.46888888888918,210.773,0.009439408583333352,0,AC
22995,23000,886.0533333333336,60.104,0.017853440824074078,0,AC
23000,23005,2103.226666666667,60.318,0.04397044437037037,0,AC
23005,23010,1954.2133333333336,60.506,0.04083714309259261,0,AC
23010,23015,206.33333333333363,60.106,0.00429490683333334,0,AC
23015,23020,860.526666666667,60.123,0.018023308027777785,0,AC
23020,23030,2045.8400000000001,135.249,0.08518320258333335,0,AC
23030,23035,1794.5933333333337,60.524,0.03784109026851853,0,AC
23035,23045,1929.1300000000003,195.734,0.11479948207407409,0,AC
23045,23050,229.22666666666697,60.717,0.0047376729351851915,0,AC
23050,23070,117.35833333333365,285.415,0.009794690888888914,0,AC
23070,23075,78.96000000000029,62.198,0.0016962310370370434,0,AC
23075,23150,38.878222222222526,1111.368,0.012155984611111205,0,AC
23150,23180,61.27111111111141,454.151,0.008864519287037081,0,AC
23185,23200,188.10222222222248,211.449,0.011855183398148166,0,AC
23200,23205,145.0800000000003,60.104,0.0030712860925925984,0,AC
23205,23230,177.37733333333364,398.86,0.020603765722222254,0,AC
23230,23255,10.225333333333616,374.915,0.001119815435185216,0,AC
23255,23295,40.2325000000003,769.527,0.008596052935185249,0,AC
23295,23390,53.09508771929855,2000.104,0.03010323467592609,0,AC
23390,23535,10.872183908046262,2401.887,0.007369617212963157,0,AC
23535,23645,42.85515151515179,1690.749,0.020292919842592724,0,AC
23645,23790,10.647586206896834,2295.519,0.0067672561203705505,0,AC
23790,23895,39.4295238095241,1648.965,0.018317951555555694,0,AC
23895,24035,9.359047619047914,2365.851,0.00612743405555575,0,AC
24035,24140,40.27682539682567,1566.017,0.017622201453703825,0,AC
24140,24290,10.76355555555584,2317.407,0.0068907940925927785,0,AC
24290,24380,38.72962962962992,1440.086,0.016084229018518643,0,AC
24380,24445,10.798974358974645,2463.678,0.007537316120370565,0,AC
24445,24515,43.65523809523837,1188.555,0.018172818342592694,0,AC
24515,24685,9.560196078431662,2689.296,0.007128466731481699,0,AC
24685,24780,40.50912280701781,1546.467,0.01682014088888901,0,AC
24780,24865,10.705882352941444,1793.754,0.005175213120370509,0,AC
24865,24870,2455.6600000000003,61.586,0.050668070490740735,0,AC
24870,24880,3044.3500000000004,126.654,0.1378703874166667,0,AC
24880,24885,3008.926666666667,60.503,0.06308813317592592,0,AC
24890,24905,3075.7200000000007,210.329,0.19205317204629635,0,AC
24910,24915,2603.5266666666666,60.326,0.056305033546296304,0,AC
24920,24925,2985.313333333334,68.821,0.06897261462962964,0,AC
24925,24930,2390.146666666667,60.997,0.04305007267592593,0,AC
24930,24940,3009.026666666667,134.52,0.12491355837962966,0,AC
24940,24945,3051.7400000000002,65.346,0.06785405195370371,0,AC
24945,24960,3007.464444444445,209.625,0.18417293869444448,0,AC
24960,24970,2942.1433333333334,133.239,0.12364318294444444,0,AC
24970,24975,1779.9600000000005,706.749,0.21992356104629637,0,AC
24975,25005,37.55777777777808,560.862,0.005843699962963011,0,AC
25005,25130,8.82213333333362,2023.556,0.004678529870370532,0,AC
25135,25140,2876.1133333333337,63.386,0.06339317725925926,0,AC
25140,25150,2844.153333333333,135.06,0.11940055633333334,0,AC
25150,25155,2901.746666666667,60.014,0.06051387085185186,0,AC
25155,25160,1751.5866666666668,61.306,0.03565927063888889,0,AC
25165,25180,2909.844444444445,197.901,0.21257264534259263,0,AC
25180,25185,1174.906666666667,62.739,0.024178079518518525,0,AC
25185,25205,7.690000000000275,302.282,0.0006665149351852093,0,AC
25205,25305,38.4960000000003,1744.413,0.01907374340740755,0,AC
25305,25310,1086.7666666666669,77.122,0.030764068944444452,0,AC
25310,25315,2687.28,62.772,0.05716855118518519,0,AC
25315,25320,2131.4133333333334,60.996,0.04395244822222224,0,AC
25320,25330,2692.75,255.485,0.28762369312037034,0,AC
25330,25340,2652.5800000000004,134.552,0.11070028311111112,0,AC
25340,25345,2681.2266666666665,60.621,0.05894776998148148,0,AC
25345,25350,2717.813333333334,63.177,0.05599062397222223,0,AC
25350,25355,2532.913333333334,60.004,0.051355831990740744,0,AC
25365,25370,837.0000000000002,60.213,0.017559704259259266,0,AC
25370,25485,8.584347826087239,2448.952,0.005846863888889084,0,AC
25485,25565,37.83833333333362,1708.389,0.01848719738888902,0,AC
25570,25580,159.97333333333364,132.703,0.006707973962962976,0,AC
25585,25615,160.38888888888917,561.138,0.025717490361111168,0,AC
25620,25645,10.890666666666958,375.003,0.0011486076666666982,0,AC
25645,25760,48.942608695652474,1932.496,0.035314016722222424,0,AC
25760,25945,8.133693693693996,3368.254,0.007337640907407691,0,AC
25945,26020,41.739111111111406,1952.47,0.021661971083333495,0,AC
26020,26105,8.505882352941471,2188.896,0.005809757574074262,0,AC
26105,26195,40.061481481481785,1589.563,0.018413301546296446,0,AC
26195,26325,9.333589743590041,2613.242,0.007014686481481701,0,AC
26325,26370,34.611851851852144,1723.084,0.01858738716666683,0,AC
26370,26505,9.091111111111385,2806.612,0.007101764472222423,0,AC
26505,26635,40.39615384615414,2336.286,0.026633570805555735,0,AC
26635,26685,9.933333333333628,735.955,0.002076867935185247,0,AC
26685,26690,1642.0333333333335,60212.181,30.357702363277777,2,FRIDGE
26690,26695,2735.2200000000003,60.098,0.05703308683333334,0,AC
26695,26700,2770.4466666666667,60.092,0.057771846537037055,0,AC
26700,26705,2232.4133333333334,74.671,0.05199746011111112,0,AC
26705,26755,8.182666666666965,740.866,0.001703330324074137,0,AC
26755,26775,141.91833333333366,406.437,0.017550374027777815,0,AC
26775,26790,166.4511111111114,198.44,0.01092130962962965,0,AC
26790,26795,191.55333333333363,78.762,0.004937452898148156,0,AC
26795,26800,99.51333333333363,61.829,0.0021409693518518584,0,AC
26805,26820,67.06444444444475,344.771,0.007303980944444474,0,AC
26820,26840,99.25833333333364,315.299,0.009236508888888918,0,AC
26840,26870,80.71444444444475,437.965,0.010173781120370408,0,AC
26870,26920,106.95533333333364,791.92,0.023864698046296363,0,AC
26920,26925,39.573333333333636,60.859,0.0009065182222222285,0,AC
26930,26935,206.92666666666696,60.001,0.004295019231481488,0,AC
26935,26945,82.66000000000031,187.504,0.004979572731481498,0,AC
26945,26955,142.9500000000003,139.87,0.005640710342592604,0,AC
26955,26965,122.50333333333363,133.065,0.005057708250000012,0,AC
26965,26975,93.07666666666695,133.206,0.003863423907407419,0,AC
26980,26985,365.26000000000033,60.003,0.007504434981481487,0,AC
26985,26990,270.36000000000024,60.315,0.005775138055555563,0,AC
26990,27000,65.88333333333364,136.301,0.002760203212962976,0,AC
27005,27020,89.4777777777781,228.135,0.0061902436481481695,0,AC
27020,27030,50.9400000000003,134.868,0.0021392553796296425,0,AC
27030,27035,85.79333333333363,60.272,0.0018220963333333397,0,AC
27035,27040,119.88666666666697,60.304,0.0024985037777777845,0,AC
27045,27050,270.82666666666694,61.876,0.0057815271759259325,0,AC
27055,27060,282.80000000000035,60.007,0.005920739425925933,0,AC
27060,27070,29.803333333333637,259.399,0.0021830761851852083,0,AC
27070,27160,11.950740740741036,1674.977,0.005458980138889029,0,AC
27160,27235,43.478666666666975,2151.919,0.023108161435185362,0,AC
27235,27375,8.580000000000291,2239.502,0.0054264105555557295,0,AC
27375,27505,39.860769230769534,1946.861,0.02170597847222238,0,AC
27505,27655,8.598000000000287,2286.235,0.005532135842592777,0,AC
27655,27720,39.74564102564132,1348.937,0.014470473074074184,0,AC
27720,27815,8.90105263157922,1932.908,0.006365848564814986,0,AC
27815,27910,41.14070175438626,1794.979,0.019272989981481633,0,AC
27910,28005,9.061052631579239,2489.4,0.008321242240740946,0,AC
28005,28090,40.95568627451009,1277.525,0.014722821083333438,0,AC
28090,28185,9.13228070175468,2293.18,0.00630205362962982,0,AC
28185,28250,38.84820512820543,1725.227,0.018901136129629785,0,AC
28250,28400,9.19600000000028,2306.983,0.00594213788888907,0,AC
28400,28540,40.5997619047622,2250.596,0.0257309275185187,0,AC
28540,28550,8.86666666666697,136.909,0.0003755300462963092,0,AC
28550,28635,26.47450980392186,1711.514,0.011833305268518652,0,AC
28635,28675,58.00416666666696,2268.55,0.03757817773148168,0,AC
28675,28750,30.3422222222225,2214.235,0.018969308296296467,0,AC
28750,28770,60.72500000000029,297.902,0.005262692546296322,0,AC
28770,28815,195.1111111111114,690.208,0.03804747433333339,0,AC
28815,28820,127.26000000000029,60.076,0.002748741361111117,0,AC
28820,28845,27.826666666666966,375.317,0.0029831467500000333,0,AC
28845,28900,99.74060606060637,981.687,0.027055290435185276,0,AC
28900,28935,125.9304761904765,651.489,0.0234456711944445,0,AC
28935,28950,108.39333333333364,245.783,0.00778688217592595,0,AC
28950,28965,91.11111111111144,281.983,0.00809214969444447,0,AC
28965,29085,30.016388888889203,3664.982,0.02863914539814847,0,AC
29085,29125,58.524166666666986,599.867,0.010154530703703762,0,AC
29125,29175,44.35600000000032,1386.614,0.017270067101851968,0,AC
29175,29270,11.02280701754416,2222.761,0.0074109015092594524,0,AC
29270,29335,42.46000000000032,1388.673,0.016805295416666793,0,AC
29335,29435,9.940000000000316,2104.478,0.006388116064814974,0,AC
29435,29490,42.68727272727306,1365.738,0.016377936879629757,0,AC
29490,29530,11.070833333333649,2171.17,0.006939230796296492,0,AC
29530,29585,43.50969696969728,1146.098,0.013823552462963067,0,AC
29585,29685,13.92633333333363,2798.638,0.016193075046296527,0,AC
29685,29745,39.50444444444476,1047.176,0.011279868333333427,0,AC
29745,29785,13.419166666666968,2463.663,0.008909130564815031,0,AC
29785,29865,39.422083333333646,1577.578,0.01769064272222236,0,AC
29865,30000,11.00962962962994,2548.311,0.007925834342592811,0,AC
30000,30095,40.758596491228374,1689.4,0.01906870262037052,0,AC
30095,30170,9.886222222222537,1524.11,0.00495064632407421,0,AC
30170,30175,201.906666666667,163.45,0.02330502855555557,0,AC
30175,30180,2771.9333333333334,1564.092,1.5097339148703703,0,AC
30180,30185,2833.1733333333336,138.565,0.12543428172222224,0,AC
30185,30190,2648.9600000000005,165.163,0.14567183309259263,0,AC
30190,30195,2843.0066666666667,181.081,0.1293294276666667,0,AC
30195,30200,246.21333333333365,64.6,0.004181947305555562,0,AC
30200,30205,1210.1800000000003,148.015,0.04254703755555557,0,AC
30205,30210,1603.7333333333338,74.118,0.037569740064814824,0,AC
30210,30215,1858.9666666666672,61.429,0.039325443888888895,0,AC
30215,30220,598.1000000000003,120.324,0.06515208715740743,0,AC
30220,30225,194.78666666666697,120.971,0.006984053583333355,0,AC
30230,30235,1073.6266666666668,178.088,0.06669964737962965,0,AC
30235,30240,785.0600000000003,60.034,0.015654886750000006,0,AC
30240,30245,1815.8333333333335,165.958,0.1499761607962963,0,AC
30250,30255,1746.5133333333335,60.237,0.06750716160185186,0,AC
30255,30260,204.1933333333336,179.979,0.007215288342592608,0,AC
30260,30270,72.81666666666698,150.122,0.0033015520370370506,0,AC
30270,30340,17.75809523809554,1367.48,0.007122241388889003,0,AC
30340,30345,2358.88,64.73,0.052045852018518524,0,AC
30345,30360,2901.3377777777782,210.453,0.17782370269444445,0,AC
30360,30365,2800.6466666666674,60.0,0.05837991649074075,0,AC
30375,30380,2783.226666666667,60.912,0.05698865080555557,0,AC
30380,30385,2846.973333333334,62.562,0.06122974251851852,0,AC
30385,30390,2677.9800000000005,327.616,0.1978808930740741,0,AC
30390,30395,225.40666666666698,60.007,0.016612807333333344,0,AC
30395,30475,38.73708333333364,1426.474,0.015760555851851973,0,AC
30475,30555,8.121250000000291,1564.691,0.003751189379629732,0,AC
30565,30580,2777.053333333334,331.272,0.2679876777407408,0,AC
30585,30590,1706.1733333333336,60.186,0.03565666386111112,0,AC
30590,30595,2866.2933333333335,61.053,0.06038324577777778,0,AC
30600,30645,160.41481481481512,44119.57,2.112393172870374,2,FRIDGE
30645,30665,179.38333333333364,285.312,0.015004777314814841,0,AC
30665,30670,120.81333333333365,74.851,0.002777554009259267,0,AC
30670,30690,10.028333333333606,331.479,0.0009887140370370584,0,AC
30690,30755,40.77641025641056,1055.261,0.01222319487037046,0,AC
30755,30815,51.99111111111141,1280.354,0.019036934981481592,0,AC
30815,31000,9.57243243243272,3134.332,0.008362319018518772,0,AC
31000,31085,39.95137254901992,1564.282,0.017109004240740872,0,AC
31085,31245,9.756250000000287,2398.978,0.0065221922129631545,0,AC
31245,31345,41.34700000000028,1489.625,0.01727780935185197,0,AC
31345,31505,10.179375000000302,2455.955,0.006973497064815023,0,AC
31505,31590,40.16588235294147,1408.423,0.015892114888889,0,AC
31590,31750,9.387291666666957,2409.061,0.006324925842592788,0,AC
31750,31850,37.93100000000031,1501.485,0.015896133777777908,0,AC
31850,32000,9.450666666666951,2422.34,0.006356006055555744,0,AC
32000,32080,41.12458333333363,1415.345,0.01609159212037049,0,AC
32080,32240,9.440416666666966,2525.535,0.006646202333333544,0,AC
32240,32325,41.44588235294145,1406.081,0.016380426981481594,0,AC
32325,32480,9.279354838709967,2736.412,0.006887795175926149,0,AC
32480,32565,38.54039215686304,1453.476,0.0152949940277779,0,AC
32565,32745,8.854444444444725,3004.132,0.007654091879629871,0,AC
32745,32835,39.41518518518548,1559.192,0.01706265414814828,0,AC
32835,32995,7.839791666666953,2736.992,0.00611269262962985,0,AC
32995,33000,544.3333333333336,157.904,0.011480797157407421,0,AC
33000,33005,275.00666666666694,60.017,0.006703415407407413,0,AC
33005,33030,8.28400000000029,349.457,0.0008597062129629933,0,AC
33030,33115,38.42666666666695,1590.178,0.01683282599074087,0,AC
33115,33230,9.277391304348116,2488.656,0.007283952509259465,0,AC
33230,33235,98.3200000000003,383.481,0.011693184435185218,0,AC
33235,33265,158.1800000000003,508.01,0.022929762472222264,0,AC
33265,33270,34.8400000000003,63.766,0.0007157989629629695,0,AC
33270,33290,4.848333333333605,317.649,0.0005169781203703956,0,AC
33290,33330,34.625000000000306,603.69,0.005974217379629682,0,AC
33330,33365,45.6752380952384,600.812,0.007662637898148201,0,AC
33370,33380,3041.1933333333336,134.863,0.12658768674999998,0,AC
33380,33390,2953.7733333333335,194.952,0.2723145830740741,0,AC
33390,33395,3000.1800000000003,119.737,0.12053716105555556,0,AC
33400,33405,2414.526666666667,61.046,0.046488441259259265,0,AC
33405,33410,3059.846666666667,62.341,0.06595513486111113,0,AC
33410,33415,1873.8266666666666,60.815,0.03828714655555557,0,AC
33415,33440,42.75733333333365,477.398,0.005297486416666708,0,AC
33440,33630,9.290000000000292,3116.312,0.008063885944444696,0,AC
33630,33730,38.7400000000003,1669.147,0.017991645935185322,0,AC
33730,33855,10.276800000000282,5154.442,0.02486391960185228,0,AC
33855,33870,56.417777777778085,295.038,0.004345038148148173,0,AC
33870,33950,9.496666666666954,2830.255,0.007387786638889088,0,AC
33950,33980,36.67666666666694,1652.201,0.014321613694444577,0,AC
33980,34010,11.377777777778077,2127.93,0.0080832174722224,0,AC
34010,34055,41.732592592592894,1273.416,0.014810762101851956,0,AC
34055,34130,9.595555555555839,2264.739,0.006427223472222401,0,AC
34130,34190,40.34055555555586,1293.405,0.015408792138888995,0,AC
34190,34280,10.514814814815074,2281.369,0.007353923648148321,0,AC
34280,34350,39.274761904762165,1656.751,0.018269661935185318,0,AC
34350,34525,10.31295238095265,2960.978,0.008459045398148377,0,AC
34525,34630,38.03492063492094,1720.138,0.01819564090740755,0,AC
34630,34785,9.072043010752973,2828.128,0.008240121444444672,0,AC
34785,34855,40.9195238095241,1386.931,0.0161911977314816,0,AC
34855,35025,10.330392156863036,3015.37,0.009801668509259506,0,AC
35025,35135,40.08666666666696,1637.905,0.018410847888889022,0,AC
35135,35245,9.088787878788175,2237.006,0.0055977066574075945,0,AC
35245,35310,39.072307692307994,1301.736,0.013956461527777887,0,AC
35315,35330,162.05333333333365,212.074,0.010277814648148169,0,AC
35330,35360,177.5511111111114,432.558,0.022114106712962996,0,AC
35360,35375,14.915555555555839,390.773,0.0013460587407407702,0,AC
35375,35435,44.4250000000003,1190.717,0.014562949129629727,0,AC
35435,35495,54.10777777777808,895.287,0.013707965250000079,0,AC
35495,35735,10.386666666666951,7314.561,0.02395416222222279,0,AC
35735,35790,37.85393939393967,1324.878,0.014810274935185289,0,AC
35790,35935,9.381609195402598,2371.601,0.0061739111388890875,0,AC
35935,36020,38.90588235294148,1316.864,0.0144729425925927,0,AC
36020,36145,10.330933333333627,2418.123,0.007053894000000203,0,AC
36145,36210,38.97794871794901,1411.531,0.014735056805555672,0,AC
36210,36320,11.282727272727545,2488.745,0.008053000083333529,0,AC
36320,36390,41.596666666666955,1211.409,0.014837158722222321,0,AC
36390,36555,10.43292929292958,2717.989,0.007672607398148367,0,AC
36555,36645,38.702592592592886,1340.503,0.014503085546296408,0,AC
36645,36795,8.275555555555847,2997.848,0.00655733661111136,0,AC
36795,36895,37.7700000000003,1508.855,0.015909362944444574,0,AC
36895,37085,8.694736842105558,3255.327,0.0077337012314817495,0,AC
37085,37160,40.43466666666696,1338.69,0.015121376981481596,0,AC
37160,37280,10.109722222222505,3340.532,0.013364803194444755,0,AC
37280,37370,38.03074074074104,1538.586,0.01654778919444457,0,AC
37370,37500,8.894871794872072,2470.416,0.005736350314814995,0,AC
37500,37530,176.90555555555582,614.205,0.03114502626851857,0,AC
37530,37535,135.88666666666697,60.009,0.002837162601851858,0,AC
37540,37560,4.393333333333592,299.92,0.00038249401851854107,0,AC
37560,37575,28.502222222222525,210.537,0.0017847212777777966,0,AC
37575,37645,44.170000000000314,1324.947,0.016932436500000116,0,AC
37645,37650,1241.2666666666669,66.185,0.022274887888888893,0,AC
37650,37655,3048.246666666667,60.421,0.06373108880555556,0,AC
37660,37670,3133.063333333334,136.989,0.13238203932407408,0,AC
37670,37675,3102.6866666666674,61.659,0.06329500656481482,0,AC
37675,37685,3138.063333333334,210.329,0.19483712649074075,0,AC
37685,37690,2521.086666666667,60.024,0.05247417937962962,0,AC
37695,37700,2383.666666666667,63.381,0.05042573864814816,0,AC
37705,37715,3235.6800000000003,240.041,0.22876908728703707,0,AC
37715,37720,3174.7866666666673,60.023,0.06610930526851852,0,AC
37720,37735,3147.708888888889,211.289,0.1978803339907408,0,AC
37735,37740,2702.5000000000005,60.037,0.055396295481481485,0,AC
37750,37755,3096.0000000000005,60.091,0.06427584297222223,0,AC
37755,37765,3136.5700000000006,136.191,0.13246785806481484,0,AC
37770,37785,12.711111111111416,212.094,0.000806872750000019,0,AC
37785,37915,28.614615384615675,2021.827,0.01591529492592609,0,AC
37915,37995,53.636666666666976,1637.679,0.025074677018518655,0,AC
37995,38170,26.59504761904792,2672.998,0.01992717794444467,0,AC
38170,38245,58.819555555555844,1228.415,0.020060325666666764,0,AC
38245,38265,41.39833333333363,285.097,0.0033588922962963204,0,AC
38265,38305,27.065833333333625,713.632,0.005551409083333393,0,AC
38305,38435,9.134615384615678,1950.001,0.005040072592592755,0,AC
38435,38545,38.60242424242454,1636.374,0.017697238064814953,0,AC
38545,38730,9.173333333333627,2813.849,0.007226071953703931,0,AC
38730,38840,41.27333333333361,1643.849,0.01899883331481494,0,AC
38840,38990,9.407333333333623,2642.187,0.006898516916666882,0,AC
38990,39090,40.098333333333635,1487.679,0.01671828167592605,0,AC
39090,39275,9.738918918919222,2894.672,0.007731280814815059,0,AC
39275,39380,40.54634920634952,1561.807,0.017739466277777914,0,AC
39380,39555,25.23885714285744,2903.251,0.020453383666666915,0,AC
39555,39665,54.71060606060636,1636.491,0.025100207962963098,0,AC
39665,39710,28.522222222222517,788.526,0.00637660843518525,0,AC
39710,39750,10.73083333333364,705.55,0.00205510451851858,0,AC
39750,39820,26.52571428571459,1045.835,0.007834382611111202,0,AC
39820,39920,58.269000000000304,1486.247,0.024360839842592723,0,AC
39920,40055,29.3725925925929,2613.909,0.021631250435185406,0,AC
40055,40150,60.109473684210826,1485.087,0.025082270592592718,0,AC
40150,40180,27.691111111111415,434.679,0.003462354314814854,0,AC
40180,40225,8.911111111111383,658.649,0.0016872761388889404,0,AC
40225,40245,156.9750000000003,286.424,0.013197847018518543,0,AC
40245,40260,182.94888888888917,208.775,0.011494084185185202,0,AC
40260,40265,153.54666666666697,178.579,0.0073568569351852,0,AC
40265,40285,14.605000000000302,405.716,0.0015772492685185541,0,AC
40285,40410,48.213600000000305,2370.917,0.031165296064815017,0,AC
40410,40585,10.675238095238392,2894.357,0.00873456300000024,0,AC
40585,40660,38.360444444444745,1479.994,0.01521434046296309,0,AC
40660,40820,11.875625000000294,2389.533,0.007950839388889085,0,AC
40820,40905,39.69176470588266,1387.419,0.015411180611111231,0,AC
40905,41035,10.214102564102857,2404.579,0.0067639098148150134,0,AC
41035,41125,38.941111111111404,1332.836,0.014617595222222333,0,AC
41125,41285,9.989791666666955,2522.441,0.007026335500000203,0,AC
41285,41380,38.50561403508802,1411.073,0.015264984009259377,0,AC
41380,41560,10.202407407407689,2762.076,0.007890828018518736,0,AC
41560,41650,39.57037037037068,1457.773,0.01622401151851864,0,AC
41650,41830,8.396296296296603,3116.99,0.0071876776203706385,0,AC
41830,41930,37.273000000000295,1486.959,0.015565829138889016,0,AC
41930,42125,10.335897435897724,3007.337,0.008681574601852095,0,AC
42125,42205,35.3012500000003,1575.459,0.01606329868518532,0,AC
42205,42400,9.150598290598582,3095.262,0.007957325574074326,0,AC
42400,42475,36.53688888888919,1572.271,0.014824474083333466,0,AC
42475,42665,9.75456140350906,2961.834,0.008004140416666906,0,AC
42665,42765,38.677666666666966,1615.784,0.017002069620370507,0,AC
42765,42870,12.003174603174894,2009.416,0.006669624555555721,0,AC
42870,42900,173.0500000000003,561.74,0.031874697481481536,0,AC
42900,42905,90.5800000000003,90.114,0.001949700296296305,0,AC
42905,42930,8.73466666666697,360.677,0.000863263944444475,0,AC
42930,42990,41.09888888888919,897.05,0.01040169183333341,0,AC
42990,43065,50.52133333333362,1685.919,0.023753797537037172,0,AC
43065,43270,9.228943089431185,3109.032,0.007976767629629884,0,AC
43270,43370,41.50033333333363,1483.197,0.017324929546296424,0,AC
43370,43535,9.117777777778073,2749.892,0.007598717037037269,0,AC
43535,43640,38.613015873016174,1657.441,0.018475977351852003,0,AC
43640,43775,8.04641975308672,2044.414,0.004628194009259431,0,AC
43775,43825,26.10266666666697,735.999,0.0054534418611111735,0,AC
43825,43950,58.253333333333636,1873.638,0.03057810500925941,0,AC
43950,43955,35.84666666666696,60.54,0.0007512344074074138,0,AC
43955,43990,10.760000000000268,509.655,0.0015728558611111509,0,AC
43990,44075,25.261176470588524,1262.182,0.008969580722222323,0,AC
44075,44090,8.373333333333576,220.856,0.0005388993981481645,0,AC
44090,44135,27.265925925926215,660.061,0.005114857592592648,0,AC
44135,44245,57.449090909091204,1709.907,0.027137121064814952,0,AC
44245,44430,26.784144144144435,2762.156,0.02065404060185207,0,AC
44430,44450,50.15166666666697,285.143,0.004198266962962989,0,AC
44450,44490,34.80083333333364,587.091,0.005844040398148199,0,AC
44490,44530,59.38083333333363,583.738,0.009893360055555604,0,AC
44530,44570,35.85166666666697,585.248,0.005995395592592643,0,AC
44570,44755,9.367747747748039,2808.41,0.007368086314815043,0,AC
44755,44915,40.65687500000031,2419.176,0.027517348398148355,0,AC
44915,45055,10.511904761905058,2087.834,0.006149308175926099,0,AC
45055,45110,50.42666666666699,838.038,0.012028501407407483,0,AC
45110,45200,59.93592592592622,1521.072,0.02555191112037049,0,AC
45200,45220,28.360000000000316,287.852,0.0023147662777778036,0,AC
45220,45330,9.818181818182115,1819.23,0.005549992601852006,0,AC
45330,45420,38.81666666666696,1376.132,0.014696225935185301,0,AC
45420,45425,91.86000000000031,60.026,0.0019023602129629696,0,AC
45425,45440,184.21333333333362,208.763,0.011512715009259277,0,AC
45445,45460,184.33111111111145,224.449,0.012201534296296316,0,AC
45460,45465,147.92666666666693,62.781,0.0031857137500000054,0,AC
45470,45475,111.27333333333365,62.969,0.0023979240833333403,0,AC
45475,45500,12.36933333333364,358.982,0.0012894632222222536,0,AC
45500,45565,44.13025641025673,990.167,0.01228883298148157,0,AC
45565,45660,54.416491228070484,1529.162,0.023565668537037173,0,AC
45660,45840,10.399629629629942,3168.682,0.008685524592592869,0,AC
45840,45930,42.527407407407715,1794.694,0.02163354208333349,0,AC
45930,46030,9.349333333333655,2394.639,0.0062381252592594765,0,AC
46030,46135,39.32476190476222,1612.171,0.0177938552129631,0,AC
46135,46300,8.74464646464678,2510.908,0.006145633342592814,0,AC
46300,46385,40.28862745098072,1572.061,0.018081609833333477,0,AC
46385,46535,10.074222222222533,2546.71,0.007260145416666888,0,AC
46535,46630,39.43929824561436,1439.647,0.01596207602777791,0,AC
46630,46805,9.431238095238404,2900.608,0.007612217324074326,0,AC
46805,46905,39.033000000000314,1535.608,0.016859593564814947,0,AC
46905,47080,8.43790476190508,3021.89,0.00683127772222249,0,AC
47080,47175,39.63333333333366,1820.187,0.020115949462963127,0,AC
47175,47205,10.786666666666983,434.19,0.0013857096111111501,0,AC
47205,47210,69.74666666666698,62.232,0.000973279259259266,0,AC
47215,47220,1822.2533333333336,179.407,0.09887431850000002,0,AC
47220,47225,1694.2533333333336,60.041,0.03527228081481482,0,AC
47225,47230,1214.72,60.004,0.024685310324074082,0,AC
47230,47235,437.846666666667,60.734,0.00950196593518519,0,AC
47235,47245,80.58333333333363,139.681,0.0034797159907407537,0,AC
47245,47250,139.5200000000003,60.11,0.0027825942500000066,0,AC
47250,47260,1651.8066666666668,435.426,0.17746888915740747,0,AC
47260,47265,1614.6933333333336,60.167,0.03384123217592593,0,AC
47270,47285,1853.597777777778,209.905,0.11581699136111114,0,AC
47285,47290,442.44000000000034,60.003,0.009311241861111118,0,AC
47290,47310,91.63500000000029,282.563,0.007720926138888912,0,AC
47310,47350,20.42833333333362,615.066,0.003573259009259307,0,AC
47350,47390,49.4825000000003,636.633,0.008924336046296352,0,AC
47390,47395,1156.2933333333337,60.217,0.023411427027777786,0,AC
47395,47400,2813.3,61.041,0.05919982673148148,0,AC
47405,47420,2880.908888888889,206.741,0.18031466449074074,0,AC
47420,47440,2820.0000000000005,285.299,0.23550382968518524,0,AC
47450,47455,2793.5800000000004,69.124,0.06549778212037037,0,AC
47455,47460,2248.9866666666667,67.689,0.047814144879629636,0,AC
47465,47470,3932.06,179.303,0.3413221795555556,0,AC
47475,47480,2264.786666666667,116.334,0.07790770163888888,0,AC
47480,47485,2794.246666666667,61.043,0.049032509175925935,0,AC
47490,47495,1324.8533333333332,65.228,0.027246240453703705,0,AC
47495,47505,36.28,149.363,0.0016514395555555558,0,AC
47505,47540,10.09047619047619,538.127,0.0015146396944444448,0,AC
47545,47560,2708.2355555555555,222.434,0.18061753774074077,0,AC
47560,47580,2648.5316666666663,285.291,0.22102528894444448,0,AC
47580,47585,2609.46,60.212,0.05434592155555555,0,AC
47585,47590,2048.3933333333334,60.008,0.04255762758333333,0,AC
47590,47600,2602.6466666666665,136.849,0.10985431346296295,0,AC
47610,47650,8.893333333333334,916.481,0.0025425549999999997,0,AC
47650,47665,46.06666666666667,210.123,0.002903878212962963,0,AC
47665,47675,79.41666666666667,135.164,0.0032821150555555558,0,AC
47675,47695,97.33333333333333,281.854,0.008039397092592592,0,AC
47695,47710,128.79555555555555,209.613,0.008028967435185184,0,AC
47710,47755,104.42074074074074,781.443,0.022554179175925927,0,AC
47755,47775,140.60833333333332,413.912,0.016561946314814814,0,AC
47775,47790,97.56666666666663,209.936,0.006112985675925925,0,AC
47790,47795,168.3,60.295,0.0036408046851851856,0,AC
47795,47805,65.49999999999997,131.459,0.002768253083333333,0,AC
47810,47825,131.07777777777775,255.494,0.009260775046296296,0,AC
47825,47835,85.20666666666664,135.276,0.0033122128148148143,0,AC
47845,47855,72.32333333333334,138.648,0.003083611740740741,0,AC
47855,47880,91.81066666666668,360.829,0.009542004185185185,0,AC
47880,47895,51.5,210.436,0.003221222157407407,0,AC
47895,47900,128.77333333333334,60.107,0.0027031009814814815,0,AC
47900,47910,178.37,134.347,0.007303261351851852,0,AC
47910,47915,314.44666666666666,62.465,0.006763206314814815,0,AC
47915,47920,212.86666666666665,62.875,0.004357843435185185,0,AC
47920,47935,36.90666666666666,201.319,0.0023233845555555555,0,AC
47935,47995,12.953888888888889,1127.934,0.004185967972222222,0,AC
47995,48000,130.53333333333333,60.018,0.0027199618518518516,0,AC
48000,48020,173.76166666666666,524.804,0.025897727555555552,0,AC
48020,48030,156.15333333333334,135.699,0.006511720879629629,0,AC
48030,48035,104.12666666666667,65.321,0.0022230619629629634,0,AC
48035,48055,3.2733333333333334,287.851,0.0002734557037037037,0,AC
48055,48100,40.220000000000006,824.356,0.009400320916666666,0,AC
48100,48205,52.486984126984126,2224.177,0.032524813648148146,0,AC
48205,48350,10.269655172413792,2296.467,0.006631710407407406,0,AC
48350,48475,40.154399999999995,1865.245,0.020998302787037036,0,AC
48475,48625,8.45444444444444,2368.856,0.006427663888888886,0,AC
48625,48740,39.144637681159416,1725.943,0.018921627212962963,0,AC
48740,48895,10.396129032258061,2574.348,0.007479465518518514,0,AC
48895,49010,39.96811594202898,1711.022,0.0191328881574074,0,AC
49010,49190,8.176111111111103,2717.315,0.006223322527777771,0,AC
49190,49285,36.318596491228064,1720.15,0.017644908212962957,0,AC
49285,49465,9.550740740740732,2782.04,0.007451759935185179,0,AC
49465,49580,39.265797101449266,1730.164,0.01902586321296296,0,AC
49580,49765,8.486126126126116,2761.044,0.006517760416666659,0,AC
49765,49895,37.05487179487178,1972.763,0.020225722509259247,0,AC
49895,49900,1576.6399999999999,74.057,0.03815593987037037,0,AC
49900,49915,1938.726666666667,203.984,0.1212527741574074,0,AC
49915,49920,1805.0133333333335,60.419,0.03797437657407407,0,AC
49925,49935,97.56666666666668,133.32,0.0040755235370370365,0,AC
49945,49950,1719.8199999999997,60.201,0.035956874638888886,0,AC
49950,49955,1856.44,60.015,0.0387308709537037,0,AC
49965,49980,1980.5644444444442,212.696,0.12533422719444443,0,AC
49985,49995,1724.72,134.242,0.07226611473148149,0,AC
50000,50020,94.16333333333334,285.184,0.007854298518518519,0,AC
50020,50025,57.213333333333345,60.006,0.0012295880925925929,0,AC
50025,50075,19.519333333333336,735.372,0.004065181370370371,0,AC
50075,50205,44.18333333333334,1936.93,0.023951204351851857,0,AC
50205,50380,11.141333333333337,2612.901,0.008122855703703706,0,AC
50380,50500,39.996388888888895,1785.678,0.019975875138888894,0,AC
50500,50660,9.147708333333338,2387.083,0.006107385148148151,0,AC
50660,50675,38.60666666666667,210.125,0.002412626898148148,0,AC
50675,50680,159.97333333333336,66.368,0.00366824337037037,0,AC
50680,50715,188.62761904761905,525.121,0.027964985444444444,0,AC
50715,50720,150.90666666666667,60.021,0.0031375521296296296,0,AC
50720,50725,40.3,62.472,0.0008417349722222223,0,AC
50725,50745,5.128333333333343,284.893,0.00042288036111111187,0,AC
50745,50830,42.22117647058824,1261.156,0.014973699425925932,0,AC
50830,50925,54.88736842105266,1471.15,0.022703657490740745,0,AC
50925,50940,40.926666666666684,211.33,0.002574610675925927,0,AC
50940,51095,9.606236559139795,2325.837,0.006220126398148154,0,AC
51095,51205,40.003030303030314,1651.534,0.018537972537037047,0,AC
51205,51355,10.841333333333344,2237.14,0.0067816982314814886,0,AC
51355,51460,42.22984126984129,1560.702,0.018466598611111117,0,AC
51460,51615,10.88365591397851,2343.586,0.007151970555555565,0,AC
51615,51710,40.314035087719304,1425.387,0.016134815138888897,0,AC
51710,51870,10.760208333333349,2386.539,0.007157159453703717,0,AC
51870,51970,42.03766666666668,1483.619,0.01750408648148149,0,AC
51970,52140,10.237254901960801,2544.574,0.007304120129629642,0,AC
52140,52235,40.48982456140352,1425.813,0.016169156685185194,0,AC
52235,52425,8.990877192982474,2865.908,0.007180452444444459,0,AC
52425,52530,38.825396825396844,1589.698,0.017370131268518527,0,AC
52530,52725,8.154871794871813,2923.76,0.006655943018518533,0,AC
52725,52845,37.528055555555575,1791.3,0.018835251407407414,0,AC
52845,52885,7.839166666666685,585.534,0.001302054277777781,0,AC
52885,52890,1131.6466666666668,60.296,0.02194301174074074,0,AC
52890,52900,2756.4300000000003,132.116,0.11473573367592595,0,AC
52900,52905,2781.513333333334,60.016,0.05792809453703704,0,AC
52910,52925,2824.9022222222225,225.168,0.188504615212963,0,AC
52925,52940,2892.3755555555554,210.304,0.18098775763888889,0,AC
52940,52945,2662.286666666666,60.718,0.05578853955555555,0,AC
52950,53000,22.908000000000147,825.263,0.005342513120370405,0,AC
53000,53005,187.76000000000016,60.023,0.003925467555555559,0,AC
53010,53020,2695.6633333333334,134.96,0.11231075831481484,0,AC
53025,53030,3681.9333333333334,60.723,0.07797159145370369,0,AC
53030,53035,5038.386666666667,161.374,0.24714828962962962,0,AC
53035,53045,5126.6433333333325,134.749,0.2142243096666667,0,AC
53055,53060,5315.846666666666,60.005,0.11069738912962963,0,AC
53060,53065,4583.273333333333,64.431,0.09930032916666666,0,AC
53075,53080,1632.5933333333335,64.107,0.03403293225925926,0,AC
53080,53250,37.100392156862746,2573.142,0.02665796140740741,0,AC
53250,53420,7.432352941176471,2535.789,0.005264978231481481,0,AC
53420,53505,38.54392156862746,1260.457,0.013647518268518519,0,AC
53505,53535,146.4511111111111,450.161,0.018760726314814815,0,AC
53535,53555,166.74166666666667,285.165,0.01390052425,0,AC
53560,53585,10.356000000000002,359.965,0.0010790828148148149,0,AC
53585,53625,41.98833333333333,677.38,0.008014360092592593,0,AC
53625,53745,50.846111111111114,1785.679,0.02539614087962963,0,AC
53745,53965,10.523333333333333,3287.181,0.009651754694444441,0,AC
53965,54085,38.77888888888889,1827.839,0.01979250862962963,0,AC
54085,54245,8.413541666666669,2706.158,0.006365494703703704,0,AC
54245,54350,40.696507936507935,1579.237,0.01802148662962963,0,AC
54350,54535,9.054414414414413,2797.437,0.0070610559351851855,0,AC
54535,54645,37.661818181818184,1670.739,0.017658455083333333,0,AC
54645,54820,8.430857142857143,2678.809,0.006317313370370371,0,AC
54820,54920,40.59566666666666,1573.063,0.017871043185185186,0,AC
54920,55105,8.629189189189189,2762.794,0.0066542149166666665,0,AC
55105,55230,37.95439999999999,1890.007,0.02010237906481481,0,AC
55230,55400,9.54078431372549,2551.0,0.006804473787037037,0,AC
55400,55505,40.64888888888889,1739.015,0.01978548638888889,0,AC
55505,55560,11.185454545454546,810.196,0.002564925546296296,0,AC
55560,55570,30.21333333333333,124.599,0.0012467879629629631,0,AC
55570,55575,1597.6066666666668,60.513,0.033333397120370374,0,AC
55575,55585,1939.6966666666667,136.585,0.08149527199074073,0,AC
55585,55595,1962.78,135.189,0.08095992116666667,0,AC
55595,55600,843.9866666666667,60.073,0.01806873749074074,0,AC
55600,55615,81.97111111111111,205.963,0.005119104962962962,0,AC
55615,55620,171.79333333333332,60.025,0.00352272474074074,0,AC
55645,55665,1947.7600000000002,325.599,0.18421509233333333,0,AC
55665,55670,1824.313333333333,60.086,0.03803266575925926,0,AC
55670,55675,197.72000000000003,61.749,0.004173573805555556,0,AC
55675,55695,91.285,285.637,0.007573829833333334,0,AC
55695,55785,52.890000000000015,1335.746,0.019832027879629628,0,AC
55785,55845,41.07777777777777,943.426,0.010976037027777778,0,AC
55845,55995,9.82733333333333,2251.682,0.006189510435185181,0,AC
55995,56125,39.76282051282051,1950.23,0.021702208925925923,0,AC
56125,56285,8.825624999999997,2470.879,0.006047750277777774,0,AC
56285,56340,34.39878787878788,809.61,0.007860209555555555,0,AC
56340,56345,126.91333333333333,60.003,0.0026444976296296297,0,AC
56345,56370,180.352,403.757,0.021383361870370373,0,AC
56370,56415,40.69999999999999,660.013,0.5803642982777777,0,AC
56415,56610,9.991623931623923,2926.83,0.008158899259259252,0,AC
56610,56715,37.56603174603174,1590.241,0.01676403168518518,0,AC
56715,56905,7.613684210526306,2851.177,0.0060371193703703625,0,AC
56905,57025,36.69194444444444,1810.649,0.01864028291666666,0,AC
57025,57035,7.439999999999991,134.983,0.00030965059259259215,0,AC
57040,57055,2701.4911111111114,210.56,0.1692399074074074,0,AC
57055,57060,1797.9266666666667,60.005,0.0371813789537037,0,AC
57065,57075,2705.543333333334,134.658,0.11278939881481481,0,AC
57075,57080,2350.493333333333,60.109,0.04907533196296295,0,AC
57080,57085,2495.9333333333334,60.093,0.05200850774074074,0,AC
57085,57090,1062.58,67.443,0.03383890398148148,0,AC
57090,57235,8.562528735632183,2335.916,0.0055463389074074075,0,AC
57235,57245,28.653333333333336,134.977,0.0011819428611111113,0,AC
57250,57255,2898.3066666666664,74.986,0.08454596662962963,0,AC
57260,57265,2581.54,60.031,0.05382271841666666,0,AC
57275,57280,2970.9133333333334,71.879,0.07446493281481482,0,AC
57280,57285,2876.0066666666667,60.22,0.05995653732407407,0,AC
57285,57300,2825.248888888889,213.539,0.17924820483333334,0,AC
57305,57315,2805.4866666666667,131.3,0.11754744399999999,0,AC
57315,57320,2659.56,60.303,0.05489379432407408,0,AC
57320,57325,229.12666666666664,60.942,0.005025593685185185,0,AC
57325,57350,38.43733333333333,360.275,0.0039845996666666664,0,AC
57350,57515,8.253333333333334,2508.159,0.005777927574074074,0,AC
57530,57540,3055.1700000000005,135.273,0.12742539048148152,0,AC
57540,57545,2028.3066666666666,60.053,0.04242349626851852,0,AC
57550,57555,3012.173333333333,60.169,0.06283539688888888,0,AC
57555,57560,2628.56,60.2,0.05482252920370371,0,AC
57565,57585,3109.083333333333,300.033,0.27207881906481485,0,AC
57585,57590,2523.6933333333336,62.647,0.054948246898148145,0,AC
57595,57600,2465.48,60.014,0.05139865832407407,0,AC
57600,57605,3077.1,67.116,0.07014643580555556,0,AC
57605,57610,2899.9466666666667,60.03,0.05436824162962963,0,AC
57615,57620,2309.666666666667,60.022,0.048072551138888885,0,AC
57620,57625,242.4266666666666,60.105,0.00500939310185185,0,AC
57625,57685,38.956111111111106,900.544,0.010087028037037035,0,AC
57685,57725,8.796666666666667,635.887,0.0016240600185185186,0,AC
57725,57730,141.79333333333332,61.159,0.0030198074259259254,0,AC
57730,57760,169.4677777777778,435.392,0.021141771546296297,0,AC
57765,57770,176.62666666666664,60.024,0.003683944574074074,0,AC
57770,57775,142.72,60.513,0.00299303087037037,0,AC
57780,57805,6.812,359.831,0.0007136830555555556,0,AC
57805,57830,35.202666666666666,374.989,0.0038124972685185184,0,AC
57830,57960,49.716410256410256,1934.469,0.027000302537037037,0,AC
57960,58155,8.752649572649572,2986.106,0.007365729074074074,0,AC
58155,58295,40.65190476190476,2177.045,0.024795809787037038,0,AC
58295,58445,10.973777777777778,2235.526,0.0068620397129629624,0,AC
58445,58560,39.69826086956522,1741.318,0.019371450703703705,0,AC
58560,58720,8.457083333333333,2401.5,0.005677131092592592,0,AC
58720,58835,39.96492753623188,1710.754,0.019162796907407405,0,AC
58835,58935,10.708666666666666,1485.71,0.004463564629629629,0,AC
58935,58940,2496.88,60.018,0.05196877103703704,0,AC
58940,58945,3118.9400000000005,60.21,0.06519014414814815,0,AC
58950,58955,2701.2266666666665,60.099,0.05569086849074074,0,AC
58955,58960,3081.2200000000003,60.006,0.06413894143518518,0,AC
58960,58965,3039.1,60.451,0.06382941969444444,0,AC
58965,58975,3065.3033333333333,134.971,0.12746497523148148,0,AC
58975,58990,3031.4111111111115,210.031,0.18951059665740744,0,AC
58990,58995,623.58,60.083,0.013013296546296297,0,AC
58995,59005,15.559999999999999,135.09,0.0006492049444444444,0,AC
59005,59130,40.24,1959.538,0.022061679925925927,0,AC
59130,59215,9.789803921568629,1276.611,0.0035070466759259257,0,AC
59215,59225,149.49333333333334,134.896,0.006326697537037036,0,AC
59225,59290,13.730256410256409,975.381,0.004006128092592593,0,AC
59290,59415,42.78133333333334,1858.183,0.02228414175,0,AC
59415,59580,9.54060606060606,2466.765,0.006564059592592593,0,AC
59580,59695,41.52985507246377,1710.718,0.01992593094444444,0,AC
59695,59770,12.490666666666668,1110.317,0.003906791111111111,0,AC
59770,59775,1283.6466666666668,60.085,0.02674961898148148,0,AC
59775,59790,2089.8466666666664,207.073,0.1311434412314815,0,AC
59790,59795,1944.1666666666667,60.02,0.04009517706481481,0,AC
59795,59800,233.35333333333338,60.011,0.0048905758518518515,0,AC
59800,59810,98.82000000000001,135.281,0.004123004685185185,0,AC
59810,59815,71.18,60.096,0.0013578653888888887,0,AC
59815,59820,170.12666666666667,60.031,0.003540506305555556,0,AC
59820,59825,1935.8,60.021,0.04034463231481482,0,AC
59825,59830,1801.0133333333335,60.089,0.037531907490740736,0,AC
59845,59850,2067.1800000000003,60.016,0.04327204171296297,0,AC
59855,59865,2079.3433333333332,135.265,0.08675194489814816,0,AC
59870,59875,257.78000000000003,60.21,0.005409622416666666,0,AC
59875,59895,131.38833333333332,314.755,0.011960160203703704,0,AC
59900,59995,49.55122807017544,1411.999,0.019664599509259258,0,AC
59995,60010,32.47555555555555,210.149,0.0020200460833333335,0,AC
60010,60150,9.396904761904763,2100.739,0.005547466064814814,0,AC
60150,60280,40.15538461538462,1961.048,0.022078794712962962,0,AC
60280,60285,74.66,62.361,0.0016124828981481482,0,AC
60290,60310,179.91833333333335,284.962,0.014916835611111111,0,AC
60315,60335,184.00500000000002,285.084,0.015339375212962962,0,AC
60335,60340,39.0,60.011,0.0008135406481481481,0,AC
60340,60365,8.757333333333333,360.097,0.0009156389999999999,0,AC
60365,60390,38.12533333333333,359.844,0.003975192842592593,0,AC
60390,60550,50.82270833333333,2424.407,0.034384824518518514,0,AC
60550,60740,11.139122807017547,2851.674,0.00882726875,0,AC
60740,60855,41.213043478260865,1710.74,0.019975080648148142,0,AC
60855,61015,10.526666666666664,41834.007,0.07427564212962956,2,FRIDGE
61015,61030,32.888888888888886,209.664,0.002017466351851852,0,AC
61030,61040,68.69666666666666,137.008,0.0028944491481481477,0,AC
61040,61085,93.71259259259259,705.551,0.018746827398148147,0,AC
61085,61095,52.889999999999986,135.272,0.0022090730277777772,0,AC
61095,61175,25.80166666666666,1185.605,0.008608523555555553,0,AC
61175,61270,9.40701754385964,1410.242,0.0037247749444444403,0,AC
61270,61350,40.01416666666666,1198.601,0.01353671772222222,0,AC
61350,61490,9.009761904761897,2092.601,0.005270039749999994,0,AC
61490,61570,39.017083333333325,1185.702,0.01299902960185185,0,AC
61570,61705,9.206172839506168,152987.053,0.13244862064814797,2,FRIDGE
61705,61785,52.754999999999995,1185.508,0.017589443638888886,0,AC
61785,61805,38.723333333333336,284.987,0.0032263191666666666,0,AC
61805,62030,9.443999999999994,3390.936,0.008945001537037032,0,AC
62030,62145,37.04927536231884,1708.783,0.017753132907407404,0,AC
62145,62335,8.398070175438594,2854.938,0.0066165079814814775,0,AC
62335,62435,40.85399999999999,1513.997,0.01725213350925926,0,AC
62435,62595,10.927708333333328,2506.343,0.00768684134259259,0,AC
62595,62685,40.06185185185185,1455.435,0.016433572268518517,0,AC
62685,62855,9.457843137254898,2626.827,0.0069280252685185156,0,AC
62855,62940,39.444705882352935,1505.616,0.016797445083333334,0,AC
62940,63080,9.039999999999996,2217.202,0.005693612925925922,0,AC
63080,63090,29.76333333333333,1985.052,0.019495730259259256,0,AC
63090,63225,9.926419753086414,2586.64,0.007285310546296292,0,AC
63225,63355,39.042820512820505,1937.748,0.02121755998148148,0,AC
63355,63505,9.257999999999996,2401.073,0.00612361732407407,0,AC
63505,63565,37.03944444444444,1045.311,0.010832142555555556,0,AC
63565,63570,67.86666666666666,89.926,0.0041280537777777775,0,AC
63570,63615,183.4511111111111,660.709,0.034438221351851844,0,AC
63615,63620,111.84,80.778,0.003638934592592593,0,AC
63620,63645,12.401333333333332,360.13,0.0012927990833333336,0,AC
63645,63730,43.00980392156864,1260.493,0.015223119333333333,0,AC
63730,63780,55.848666666666674,819.115,0.013025325101851854,0,AC
63780,63805,44.384000000000015,1906.63,0.015285177203703705,0,AC
63805,63915,9.137272727272732,1635.665,0.004187713074074077,0,AC
63915,64030,40.71072463768116,1713.37,0.01947247550925926,0,AC
64030,64185,11.71677419354839,2307.889,0.0075804769074074106,0,AC
64185,64280,38.70245614035088,1663.1,0.018438254435185188,0,AC
64280,64425,9.865287356321847,2160.162,0.0059743399074074135,0,AC
64425,64540,39.09043478260871,1710.156,0.01873805610185186,0,AC
64540,64685,9.563448275862077,2160.166,0.005777434259259264,0,AC
64685,64795,40.08969696969698,1635.336,0.018347042657407414,0,AC
64795,64945,11.032222222222229,2268.793,0.006967024009259266,0,AC
64945,65050,37.82539682539684,1560.382,0.016557172990740745,0,AC
65050,65200,9.51800000000001,2296.972,0.006155457157407414,0,AC
65200,65300,39.63333333333335,1485.737,0.01651923502777778,0,AC
65300,65450,11.418666666666677,2234.39,0.007139962777777785,0,AC
65450,65545,42.79087719298246,1412.561,0.016957628287037042,0,AC
65545,65695,10.616888888888898,2236.132,0.006616924379629636,0,AC
65695,65790,37.92771929824562,1411.584,0.015004568972222227,0,AC
65790,65940,10.61600000000001,2239.008,0.00665047606481482,0,AC
65940,66035,38.97228070175439,1425.621,0.015562704490740743,0,AC
66035,66200,11.155757575757585,2476.517,0.007817890351851858,0,AC
66200,66255,39.04848484848485,810.084,0.008948498712962964,0,AC
66255,66260,99.53333333333335,60.031,0.0020771784351851855,0,AC
66260,66305,180.91111111111113,690.331,0.03543547832407408,0,AC
66305,66310,38.973333333333336,61.434,0.0008212132222222224,0,AC
66310,66330,8.286666666666672,285.088,0.0006803597222222228,0,AC
66330,66365,35.345714285714294,510.17,0.00517664676851852,0,AC
66365,66485,48.12055555555556,1785.795,0.024072967120370374,0,AC
66485,66700,8.0986046511628,3227.981,0.007285749657407416,0,AC
66700,66825,38.78053333333334,1879.054,0.020422618601851857,0,AC
66825,66960,9.153827160493835,2015.37,0.005162176777777783,0,AC
66965,66970,2276.7866666666664,60.029,0.04746457664814815,0,AC
66975,66985,2811.943333333333,131.599,0.11729022958333332,0,AC
66990,66995,2413.9133333333334,60.731,0.05088815002777778,0,AC
66995,67010,2766.3533333333335,210.125,0.17232827460185188,0,AC
67010,67015,2417.96,60.069,0.050564036,0,AC
67020,67025,7.566666666666667,60.019,0.00015808865740740742,0,AC
67025,67090,35.75025641025641,961.014,0.009699819027777778,0,AC
67090,67095,1550.3133333333335,60.55,0.03267144185185185,0,AC
67095,67105,2767.3533333333335,134.964,0.11497593100000002,0,AC
67105,67110,3314.413333333333,60.025,0.06914152824074074,0,AC
67110,67115,5365.526666666667,60.455,0.11235010777777778,0,AC
67125,67130,5539.346666666666,62.909,0.11995071546296299,0,AC
67130,67135,4860.460000000001,60.084,0.09670553958333333,0,AC
67135,67140,5163.206666666667,60.324,0.10803579073148148,0,AC
67140,67145,5497.32,60.125,0.11432163473148148,0,AC
67155,67160,2540.846666666667,62.214,0.05434917325925926,0,AC
67160,67180,2932.2366666666667,285.042,0.2427165072222222,0,AC
67195,67200,657.6066666666667,60.013,0.013739277546296296,0,AC
67200,67245,95.13925925925928,660.756,0.017867585166666665,0,AC
67245,67265,66.78166666666667,284.874,0.005564055268518518,0,AC
67270,67275,121.11333333333332,60.027,0.0026096205648148147,0,AC
67275,67280,49.580000000000005,60.145,0.00103822675,0,AC
67280,67295,81.88222222222224,208.539,0.005145431805555557,0,AC
67300,67320,71.03500000000001,285.299,0.005917512925925926,0,AC
67320,67325,319.72,60.041,0.0066600817500000005,0,AC
67325,67330,353.32,63.286,0.0074312872222222215,0,AC
67330,67340,52.72333333333337,134.76,0.002162867833333335,0,AC
67340,67360,93.06000000000003,285.38,0.007765401185185188,0,AC
67360,67365,143.4733333333334,60.018,0.002991757546296297,0,AC
67365,67380,107.08444444444447,210.126,0.006693967287037039,0,AC
67380,67385,153.77333333333337,60.026,0.003198761194444445,0,AC
67385,67395,231.79000000000005,135.143,0.009668159305555557,0,AC
67395,67400,317.46,62.375,0.006811760018518519,0,AC
67405,67420,95.81111111111113,209.943,0.006004190361111114,0,AC
67420,67470,62.750666666666696,735.647,0.01308360337037038,0,AC
67470,67535,44.32615384615388,961.296,0.011991726333333341,0,AC
67535,67695,11.5847916666667,2412.345,0.007774051564814836,0,AC
67695,67720,47.29600000000004,360.153,0.004924535324074077,0,AC
67725,67730,2100.64,60.094,0.04379430812037037,0,AC
67730,67735,1971.5733333333333,60.103,0.041124345648148146,0,AC
67740,67745,2142.6933333333336,60.001,0.044736333537037036,0,AC
67745,67750,955.1266666666667,60.091,0.02054237160185185,0,AC
67750,67765,137.2133333333333,209.549,0.008586511666666666,0,AC
67765,67770,73.1,60.086,0.0015214262685185182,0,AC
67775,67780,2171.5133333333333,60.003,0.045212859509259254,0,AC
67780,67790,1774.7133333333336,255.298,0.10153639587037037,0,AC
67795,67800,1910.1599999999999,60.089,0.039521965703703706,0,AC
67800,67805,2076.2266666666665,60.1,0.043341983074074074,0,AC
67805,67810,2221.0466666666666,61.661,0.04727280831481481,0,AC
67810,67815,967.64,60.327,0.019474810046296292,0,AC
67820,67830,123.76333333333335,135.611,0.005165515166666667,0,AC
67830,67840,101.68333333333332,135.156,0.0042394535648148145,0,AC
67840,67845,63.82000000000001,60.026,0.0013263276203703707,0,AC
67845,67905,20.622777777777795,932.704,0.0054516628703703725,0,AC
