appliance,start_idx,end_idx,duration_min,energy_kwh
KETTLE,9864,9890,6.510933333333333,0.3054643214351852
KETTLE,9865,9890,6.254433333333334,0.30126783893518516
KETTLE,9866,9890,6.0107333333333335,0.29338563321296296
KETTLE,9893,9905,3.0019,0.14790851889814816
KETTLE,9908,9930,5.516049999999999,0.2719364096481482
KETTLE,9933,9944,2.7560833333333337,0.13707095244444442
KETTLE,9947,9975,7.0056666666666665,0.35301590970370367
KETTLE,14424,14430,3.492166666666667,0.14661372848148146
KETTLE,14425,14430,3.253433333333333,0.142598896962963
KETTLE,14429,14430,2.21865,0.10865468600000001
KETTLE,14433,14440,1.7561333333333335,0.08505599846296297
KETTLE,14443,14478,8.709483333333333,0.41125400274074075
KETTLE,14445,14478,8.252416666666667,0.39647516125925925
KETTLE,14481,14490,2.2584000000000004,0.10715015969444444
KETTLE,14493,14511,4.570766666666667,0.20722478567592592
KETTLE,14843,14853,2.4596000000000005,0.10350700399074073
KETTLE,14844,14853,2.2559666666666667,0.09928828697222222
KETTLE,14856,14879,5.7293666666666665,0.2555784733425926
KETTLE,14857,14879,5.509033333333334,0.2491466985277778
KETTLE,14928,14969,10.260616666666666,0.4578002635092593
KETTLE,14929,14969,9.973833333333335,0.4533181586574074
KETTLE,14930,14969,9.760166666666665,0.4466038023611111
KETTLE,14972,14990,4.497166666666668,0.20703411565740742
KETTLE,19681,19684,0.7613166666666668,0.02557079837037038
KETTLE,19682,19684,0.5021666666666667,0.021175038481481483
KETTLE,19683,19684,0.2593,0.013006488000000002
KETTLE,19687,19696,2.3386333333333336,0.11504355576851856
KETTLE,19699,19700,0.25095,0.01222098616666667
KETTLE,19703,19723,5.005466666666666,0.24365758616666672
KETTLE,19726,19729,0.7487999999999999,0.03727345897222222
KETTLE,19732,19777,11.265816666666666,0.543249221175926
KETTLE,19780,19794,3.5436,0.16620531736111113
KETTLE,19797,19800,0.7509,0.035237567500000004
KETTLE,19803,19805,0.50375,0.023885112212962963
KETTLE,19808,19814,1.5399166666666666,0.07322798637037038
KETTLE,20065,20100,9.006266666666669,0.42748399150925936
KETTLE,20066,20100,8.758966666666668,0.42340807534259267
KETTLE,20067,20100,8.50485,0.4151028367962964
KETTLE,20103,20106,0.7545833333333333,0.03648430750925927
KETTLE,20109,20122,3.2630500000000002,0.15496605817592593
KETTLE,20236,20286,13.807400000000001,0.6277167999814816
KETTLE,20237,20286,13.556450000000002,0.6236466698148148
KETTLE,20238,20286,13.307083333333333,0.615784277351852
KETTLE,24865,24887,5.755216666666666,0.27674637841666666
KETTLE,24866,24887,5.495783333333332,0.2723051680092593
KETTLE,24867,24887,5.127133333333332,0.2596770622592593
KETTLE,24890,24913,5.827183333333334,0.29727651872222227
KETTLE,24916,24927,2.68305,0.13339630213888892
KETTLE,24930,24972,10.558616666666666,0.5269543270462963
KETTLE,25131,25155,6.048516666666667,0.2836231977962963
KETTLE,25132,25155,5.833516666666665,0.27774020057407406
KETTLE,25158,25181,6.377849999999999,0.30520650718518527
KETTLE,25159,25181,6.06375,0.2950376941851853
KETTLE,25307,25317,2.739433333333333,0.10751769168518521
KETTLE,25308,25317,2.509633333333333,0.1040274126851852
KETTLE,25309,25317,1.9589999999999999,0.08754359203703704
KETTLE,25320,25354,12.434450000000002,0.556208986787037
KETTLE,25357,25366,2.2304666666666666,0.09791880591666667
KETTLE,26686,26703,1006.8340833333334,30.509338247981482
KETTLE,26687,26703,1002.0946166666668,30.436827041018518
KETTLE,26688,26703,3.76955,0.17315727005555556
KETTLE,30174,30184,36.58626666666667,1.6504103589166668
KETTLE,30175,30184,35.171,1.6273194969907407
KETTLE,30176,30184,28.388700000000004,1.4036053314907408
KETTLE,30187,30194,3.5467833333333334,0.18072789917592594
KETTLE,30340,30369,7.21175,0.3347581793888889
KETTLE,30341,30369,7.007366666666667,0.3313438422592593
KETTLE,30342,30369,6.7462,0.32273027540740745
KETTLE,30372,30389,4.284216666666667,0.20120863178703705
KETTLE,30558,30562,1.0650333333333333,0.03668235089814815
KETTLE,30559,30562,0.8109166666666667,0.03284533040740741
KETTLE,30560,30562,0.5490499999999999,0.0249116432962963
KETTLE,30565,30585,7.007299999999999,0.3235626531203703
KETTLE,30588,30596,2.9662,0.13356553313888891
KETTLE,30590,30596,2.46845,0.11754379054629632
KETTLE,33368,33402,12.670350000000001,0.6206355011203706
KETTLE,33369,33402,12.368666666666666,0.6151953126111112
KETTLE,33370,33402,12.162016666666666,0.6080142251111111
KETTLE,33405,33412,1.73905,0.08886067069444445
KETTLE,37647,37686,10.786033333333334,0.5546712605277778
KETTLE,37648,37686,10.751999999999999,0.5540785889351852
KETTLE,37649,37686,10.50985,0.5458893449907408
KETTLE,37689,37696,1.754616666666667,0.09361158649074074
KETTLE,37702,37738,10.752699999999999,0.5715312803611111
KETTLE,37741,37747,1.4400999999999997,0.07421983990740741
KETTLE,37750,37766,4.4425333333333334,0.23157170979629632
KETTLE,47392,47441,12.607216666666666,0.5846364599907409
KETTLE,47393,47441,12.312183333333333,0.579821188175926
KETTLE,47394,47441,12.112616666666666,0.5735088945092593
KETTLE,47444,47455,2.7661666666666664,0.12317226081481482
KETTLE,47446,47455,2.4041833333333336,0.11187035210185187
KETTLE,47458,47477,8.81535,0.5406721345648149
KETTLE,47461,47477,8.068016666666667,0.5056716621944444
KETTLE,47480,47485,1.0550666666666666,0.049032509175925935
KETTLE,47488,47489,0.49661666666666665,0.023118609425925928
KETTLE,47543,47585,10.704083333333333,0.46669817401851843
KETTLE,47544,47585,10.507916666666665,0.46366107809259255
KETTLE,47545,47585,10.25695,0.4559887482407407
KETTLE,47588,47600,3.033166666666667,0.13121866724074072
KETTLE,47603,47608,1.247866666666667,0.051983306425925926
KETTLE,52887,52906,4.814533333333333,0.20893763900925927
KETTLE,52888,52906,4.446233333333334,0.20307143845370373
KETTLE,52889,52906,4.3079833333333335,0.19876433650925932
KETTLE,52909,52944,9.008016666666665,0.4288457986018519
KETTLE,53004,53027,5.7786,0.2620800356851852
KETTLE,53005,53027,5.52765,0.25834199601851854
KETTLE,53006,53027,5.244266666666666,0.2499398376203704
KETTLE,53067,53069,0.49891666666666673,0.02298524634259259
KETTLE,53072,53077,1.23915,0.05618600061111112
KETTLE,57037,57055,4.505633333333333,0.1917109024537037
KETTLE,57038,57055,4.2581,0.1879797500092593
KETTLE,57039,57055,4.005633333333334,0.18038653449074074
KETTLE,57061,57078,4.2518,0.1920893500833333
KETTLE,57081,57086,1.5035333333333334,0.06686457226851852
KETTLE,57247,57259,3.4487,0.1567562540185185
KETTLE,57248,57259,3.249283333333333,0.1534954591574074
KETTLE,57249,57259,2.994733333333333,0.14535707140740742
KETTLE,57262,57268,1.53895,0.0757011531111111
KETTLE,57271,57302,7.9343499999999985,0.3799854075648148
KETTLE,57305,57319,3.5002666666666666,0.1643282813888889
KETTLE,57519,57523,1.2259166666666668,0.05042291069444444
KETTLE,57520,57523,0.9649333333333333,0.04585802221296296
KETTLE,57521,57523,0.7206833333333333,0.03736843499074074
KETTLE,57526,57540,3.4971166666666664,0.1784427285277778
KETTLE,57546,57558,3.001716666666667,0.15093120712037036
KETTLE,57561,57586,6.486166666666667,0.3360746545833333
KETTLE,57589,57595,1.4992166666666664,0.07898704221296296
KETTLE,57598,57609,2.7507166666666665,0.14151567279629632
KETTLE,57612,57615,0.7411,0.03880441594444444
KETTLE,57618,57619,0.24576666666666666,0.012860833129629629
KETTLE,58935,58949,4.9914,0.24692639237962963
KETTLE,58936,58949,4.74415,0.24261861057407408
KETTLE,58937,58949,4.493133333333333,0.2339038697222222
KETTLE,58952,58990,9.464733333333331,0.4817548400462964
KETTLE,66964,66968,0.9981166666666667,0.035657862638888885
KETTLE,66965,66968,0.7506666666666668,0.03171515930555555
KETTLE,66966,66968,0.5003166666666666,0.02374832688888889
KETTLE,66971,66989,4.502133333333333,0.20269213625925925
KETTLE,66973,66989,4.002266666666666,0.18711722603703704
KETTLE,66992,67013,5.255116666666668,0.24277349755555552
KETTLE,67016,67017,0.2576333333333333,0.011932144703703705
KETTLE,67092,67145,13.2544,0.9932002572222224
KETTLE,67093,67145,13.006533333333334,0.9864176612962965
KETTLE,67108,67145,9.253499999999999,0.813576634851852
KETTLE,67109,67145,9.006083333333331,0.7985262790185186
KETTLE,67110,67145,8.7536,0.7796134538611111
KETTLE,67149,67154,1.2537,0.05371027237037038
KETTLE,67151,67154,0.7520166666666667,0.037232620157407414
KETTLE,67157,67182,6.229316666666666,0.3045397727685185
KETTLE,67185,67195,2.4988,0.12496617187037039
FRIDGE,14842,15356,140.41283333333334,1.3311484478981483
FRIDGE,14845,15356,139.66021666666668,1.3162826731203703
FRIDGE,15341,15356,4.755016666666666,0.1489468530740741
FRIDGE,15342,15356,4.5386999999999995,0.14607056246296296
FRIDGE,15343,15356,4.3011333333333335,0.1405747215925926
FRIDGE,15359,15362,0.7509,0.028089617972222224
FRIDGE,15378,15383,1.2313333333333332,0.032117642592592595
FRIDGE,15379,15383,0.9578166666666665,0.028827085138888885
FRIDGE,15380,15383,0.7142166666666666,0.023478170472222223
FRIDGE,15386,15389,0.9526833333333333,0.02893045785185185
FRIDGE,15387,15389,0.7015166666666667,0.023379814055555555
FRIDGE,15398,15409,3.3134500000000005,0.10046468493518518
FRIDGE,15399,15409,3.063416666666667,0.09754207308333333
FRIDGE,15400,15409,2.66775,0.0889492921574074
FRIDGE,15415,15427,2.99915,0.10755974324074076
FRIDGE,17542,17564,5.563633333333333,0.1937996247222222
FRIDGE,17543,17564,5.312600000000001,0.1904900291481481
FRIDGE,17544,17564,5.027216666666667,0.183407449
FRIDGE,17588,17591,0.7544666666666667,0.0184428765925926
FRIDGE,17589,17591,0.50165,0.01518364839814815
FRIDGE,17590,17591,0.25608333333333333,0.009228247453703707
FRIDGE,17594,17600,1.4608833333333335,0.05266906499074075
FRIDGE,17608,17618,2.5021833333333334,0.08264333455555556
FRIDGE,17609,17618,2.254516666666667,0.07932955455555556
FRIDGE,17610,17618,2.005533333333333,0.0731217084351852
FRIDGE,17621,17631,2.5179,0.09212547854629631
FRIDGE,22955,22972,5.821316666666666,0.19636101157407412
FRIDGE,22956,22972,5.557183333333334,0.19299962142592597
FRIDGE,22957,22972,5.2873166666666656,0.1866189239444445
FRIDGE,22997,23009,2.9524166666666662,0.09592896212962963
FRIDGE,22998,23009,2.754966666666667,0.09344361510185187
FRIDGE,22999,23009,2.50735,0.0876535120462963
FRIDGE,23017,23033,4.012633333333333,0.1290265902592593
FRIDGE,23018,23033,3.761283333333334,0.12592660692592594
FRIDGE,23019,23033,3.5087333333333337,0.11999490895370372
FRIDGE,23036,23044,3.0041333333333333,0.10349309416666669
FRIDGE,25130,25365,68.32265000000001,1.4397944247500005
FRIDGE,30201,30206,2.699466666666667,0.05013593907407409
FRIDGE,30202,30206,1.0202833333333332,0.03116116740740741
FRIDGE,30203,30206,0.7694333333333333,0.025604282462962966
FRIDGE,30209,30214,1.2118833333333332,0.040290787138888895
FRIDGE,30224,30228,0.9498,0.024458593601851857
FRIDGE,30225,30228,0.7935833333333334,0.02268666266666667
FRIDGE,30226,30228,0.5018333333333334,0.016295716833333335
FRIDGE,30231,30232,0.24788333333333332,0.008186622509259259
FRIDGE,30237,30244,5.227416666666667,0.15834977031481484
FRIDGE,30238,30244,4.90715,0.1548837732777778
FRIDGE,30239,30244,4.730516666666667,0.15115111842592593
FRIDGE,30247,30254,2.7354166666666666,0.08524890459259259
FRIDGE,32997,33000,0.7495999999999999,0.011138259129629633
FRIDGE,32998,33000,0.4845833333333333,0.009123985231481484
FRIDGE,32999,33000,0.24893333333333334,0.00557679814814815
FRIDGE,47210,47224,5.4962,0.16058870315740742
FRIDGE,47211,47224,5.251383333333334,0.15733495364814815
FRIDGE,47212,47224,4.973733333333334,0.15095363114814817
FRIDGE,47227,47230,0.6913666666666667,0.01653410315740741
FRIDGE,47229,47230,0.24928333333333336,0.007603141666666668
FRIDGE,47249,47254,1.2508833333333333,0.031620947851851856
FRIDGE,47250,47254,1.0135666666666665,0.02918331015740741
FRIDGE,47251,47254,0.7646166666666666,0.024006256601851857
FRIDGE,47257,47263,1.4578333333333333,0.04573687137037037
FRIDGE,47266,47285,4.747683333333332,0.14642775024074078
FRIDGE,47462,47469,3.7509,0.2400716592685185
FRIDGE,47463,47469,3.423666666666667,0.2159267477685185
FRIDGE,49895,49919,6.2444999999999995,0.19151846882407406
FRIDGE,49896,49919,5.986900000000001,0.18858211504629632
FRIDGE,49897,49919,5.502133333333334,0.17776589345370375
FRIDGE,49942,49954,3.0019666666666667,0.0804468899074074
FRIDGE,49943,49954,2.7529666666666666,0.07840204657407408
FRIDGE,49947,49954,1.7524833333333336,0.05796485224074074
FRIDGE,49963,49980,4.2954,0.13375182449999998
FRIDGE,49964,49980,4.045116666666667,0.13083560652777776
FRIDGE,49965,49980,3.7970833333333336,0.12533422719444443
FRIDGE,49983,49988,1.2852166666666667,0.042592682842592586
FRIDGE,49991,49994,0.7503166666666666,0.024787703314814814
FRIDGE,53025,55596,660.9843166666667,1.573205326722222
FRIDGE,53026,55596,660.7320333333333,1.5573612326018518
FRIDGE,55570,55596,6.500983333333333,0.20399981316666665
FRIDGE,55571,55596,6.255066666666666,0.2009989467314815
FRIDGE,55572,55596,5.987383333333333,0.19495554934259257
FRIDGE,55619,55631,3.068483333333334,0.09154603640740741
FRIDGE,55620,55631,2.8204500000000006,0.08861841629629628
FRIDGE,55621,55631,2.562666666666667,0.0829454644074074
FRIDGE,55639,55669,8.176833333333333,0.25709597529629635
FRIDGE,55640,55669,7.925533333333333,0.25420574607407415
FRIDGE,55641,55669,7.633083333333333,0.2477117313518519
FRIDGE,59771,59794,5.75645,0.19188832907407405
FRIDGE,59772,59794,5.5043000000000015,0.18880901724074076
FRIDGE,59773,59794,5.255166666666668,0.18287106264814815
FRIDGE,59819,59828,2.24955,0.06936786330555555
FRIDGE,59820,59828,1.99995,0.06628308463888889
FRIDGE,59821,59828,1.7498166666666668,0.06035422982407408
FRIDGE,59840,59851,2.7512,0.08673320100000001
FRIDGE,59841,59851,2.5004500000000003,0.0836534337777778
FRIDGE,59842,59851,2.2512,0.07784092377777779
FRIDGE,59854,59869,3.7548833333333342,0.13070194282407407
FRIDGE,67091,67734,161.2867,1.8233129619444444
FRIDGE,67723,67734,2.7515500000000004,0.08811839946296296
FRIDGE,67724,67734,2.5006333333333335,0.0849332911759259
FRIDGE,67725,67734,2.2529666666666666,0.07906992043518518
FRIDGE,67737,67746,2.248016666666666,0.08018514295370371
FRIDGE,67771,67783,2.998866666666667,0.10009644503703705
FRIDGE,67772,67783,2.7511000000000005,0.09674085848148149
FRIDGE,67773,67783,2.5004000000000004,0.09054104748148148
FRIDGE,67786,67798,2.996683333333334,0.10648343449074076
FRIDGE,67787,67798,2.752683333333333,0.10036635449074074
FRIDGE,67801,67811,2.5005,0.09261946796296297
AC,47468,53064,1460.7015,4.2449817468518525
AC,53030,53064,10.204216666666666,0.8745670097037035
AC,67136,67146,2.5419833333333335,0.22931415170370367
